"date","daily_avg_load","daily_peak_load","n_hours"
2021-01-01,21014.041051375,25383.37271,24
2021-01-02,21735.531649625,26164.4557199999,24
2021-01-03,21253.7545962916,26062.1693199999,24
2021-01-04,23401.9740288333,27650.15853,24
2021-01-05,23556.9447064166,27810.3507899999,24
2021-01-06,24105.0851633333,27934.25703,24
2021-01-07,23990.54227775,27944.46723,24
2021-01-08,23760.9887021666,27307.69487,24
2021-01-09,22144.7878575833,26104.7778,24
2021-01-10,21620.6231590417,25971.47404,24
2021-01-11,23557.8154820416,27721.26763,24
2021-01-12,24149.1171540417,27714.94313,24
2021-01-13,23385.7701095833,27112.1195029999,24
2021-01-14,23210.7299370833,27105.909012,24
2021-01-15,23158.1184542916,26921.44267,24
2021-01-16,21319.5820482083,25450.20904,24
2021-01-17,20670.5688086667,25154.79216,24
2021-01-18,22127.2344564583,26833.45738,24
2021-01-19,22716.9880916667,26861.962926,24
2021-01-20,22927.0406621666,27102.46289,24
2021-01-21,23057.0106842916,27316.8445,24
2021-01-22,23665.374630625,27252.229478,24
2021-01-23,22630.175625125,26739.04389,24
2021-01-24,22297.6323332083,26722.013844,24
2021-01-25,24390.0258037917,29302.031454,24
2021-01-26,24832.8708640417,29149.90389,24
2021-01-27,24461.5499730417,28265.636424,24
2021-01-28,24108.65012275,27720.109543,24
2021-01-29,23843.0434577083,27377.181979,24
2021-01-30,21579.0623249583,25433.8419999999,24
2021-01-31,20799.4896696667,24854.242668,24
2021-02-01,22712.5533333333,26650.22,24
2021-02-02,22565.5266666667,26551.51,24
2021-02-03,22947.3683333333,26931.5,24
2021-02-04,23053.10625,26980.69,24
2021-02-05,22520.4083333333,26136.01,24
2021-02-06,20810.4841666667,24735.68,24
2021-02-07,20106.9533333333,23948.03,24
2021-02-08,22548.9908333333,26993.43,24
2021-02-09,23366.685,27305.84,24
2021-02-10,22635.1420833333,26738.16,24
2021-02-11,23312.8991666667,27180.78,24
2021-02-12,22175.86875,26014.33,24
2021-02-13,20974.015,24836.69,24
2021-02-14,20594.61875,24706.49,24
2021-02-15,22646.24375,26702.3,24
2021-02-16,22798.27375,27041.56,24
2021-02-17,22896.10125,27181.51,24
2021-02-18,22969.4308333333,26416.2,24
2021-02-19,22773.4133333333,26231.06,24
2021-02-20,21022.9370833333,24680.06,24
2021-02-21,20236.4845833333,24346.31,24
2021-02-22,22279.48625,26701.58,24
2021-02-23,22277.7995833333,26337.73,24
2021-02-24,22446.5633333333,26938.86,24
2021-02-25,22391.7175,26628.35,24
2021-02-26,22395.8191666667,26144.27,24
2021-02-27,20686.0116666667,24731.45,24
2021-02-28,19976.1179166667,24614.51,24
2021-03-01,22387.7529166667,26943.74,24
2021-03-02,22774.9620833333,27041.84,24
2021-03-03,24138.5966666667,27910.54,24
2021-03-04,22972.9304166667,26854.23,24
2021-03-05,22683.6704166667,26552.19,24
2021-03-06,20718.6866666667,24784.14,24
2021-03-07,20482.76125,25108.21,24
2021-03-08,23068.6741666667,27487.26,24
2021-03-09,23712.9245833333,27973.1,24
2021-03-10,24309.22,28135.8,24
2021-03-11,23625.29,27612.12,24
2021-03-12,23211.6191666667,26765.21,24
2021-03-13,21147.6366666667,25046.93,24
2021-03-14,21069.0217391304,25051.96,23
2021-03-15,23731.1845833333,27669.9,24
2021-03-16,23352.1366666667,27150.47,24
2021-03-17,23564.785,26719.96,24
2021-03-18,23391.0579166667,26410.68,24
2021-03-19,22602.1158333333,25564.61,24
2021-03-20,20521.9570833333,24061.71,24
2021-03-21,19508.2504166667,24036.61,24
2021-03-22,21903.62125,25694.06,24
2021-03-23,22160.7854166667,25802.27,24
2021-03-24,22068.7654166667,25581.13,24
2021-03-25,22591.4391666667,25965.27,24
2021-03-26,21892.1279166667,25223.65,24
2021-03-27,20368.5195833333,23895.89,24
2021-03-28,20000.7,24671.82,24
2021-03-29,22207.7408333333,26386.16,24
2021-03-30,22395.77125,26326.52,24
2021-03-31,22963.8045833333,27312.75,24
2021-04-01,23317.2133333333,27496.88,24
2021-04-02,22398.3416666667,26167.07,24
2021-04-03,20717.7616666667,24664.41,24
2021-04-04,19758.69625,23915.95,24
2021-04-05,22285.885,26460.84,24
2021-04-06,22568.5208333333,26544.65,24
2021-04-07,23046.8941666667,27084.73,24
2021-04-08,22915.2204166667,26820.59,24
2021-04-09,22532.5816666667,26631.68,24
2021-04-10,21032.1191666667,25145.2,24
2021-04-11,20013.41,24938.73,24
2021-04-12,22555.3066666667,26528.31,24
2021-04-13,23187.1870833333,26342.09,24
2021-04-14,22468.2375,26130.86,24
2021-04-15,22503.66375,26383.33,24
2021-04-16,22445.3833333333,26201.46,24
2021-04-17,20825.0225,25011.23,24
2021-04-18,20383.91,25783.21,24
2021-04-19,23477.0595833333,28297.73,24
2021-04-20,23079.45875,26923.38,24
2021-04-21,23126.4458333333,26568.63,24
2021-04-22,23500.85375,26556.09,24
2021-04-23,22940.9925,26000.58,24
2021-04-24,21057.7075,24567.22,24
2021-04-25,20376.59875,24220.51,24
2021-04-26,22123.9229166667,25828.35,24
2021-04-27,22106.15875,26169.46,24
2021-04-28,22997.33,27439.43,24
2021-04-29,24305.4179166667,29496.21,24
2021-04-30,25287.72125,30066.2,24
2021-05-01,21971.37625,25898.06,24
2021-05-02,20374.7316666667,25204.93,24
2021-05-03,23488.9133333333,28904.97,24
2021-05-04,25041.1708333333,30671.97,24
2021-05-05,25734.775,31397.04,24
2021-05-06,24545.8216666667,28660.65,24
2021-05-07,23815.4575,27518.85,24
2021-05-08,22039.6,26674.71,24
2021-05-09,21273.155,25995.4,24
2021-05-10,24113.9383333333,29235.68,24
2021-05-11,24808.2516666667,29905.54,24
2021-05-12,25345.8833333333,30556.35,24
2021-05-13,25128.8333333333,29524.36,24
2021-05-14,24438.3345833333,28157.33,24
2021-05-15,21900.11125,25364.66,24
2021-05-16,20795.3720833333,25268.88,24
2021-05-17,23845.5929166667,27531,24
2021-05-18,24201.07125,28352.72,24
2021-05-19,23752.96,27827.95,24
2021-05-20,23018.2270833333,26647.21,24
2021-05-21,22598.9033333333,26095.51,24
2021-05-22,20826.00875,24822.57,24
2021-05-23,20068.185,25299.45,24
2021-05-24,24116.9458333333,29971.29,24
2021-05-25,25240.5195833333,30108.09,24
2021-05-26,25123.855,29395.72,24
2021-05-27,24918.64125,29391.88,24
2021-05-28,25153.8866666667,29046.35,24
2021-05-29,22755.9775,26711.56,24
2021-05-30,22378.8404166667,28004.68,24
2021-05-31,24834.8320833333,31650.5,24
2021-06-01,27632.29875,34116.28,24
2021-06-02,27796.90875,34055.64,24
2021-06-03,28019.7391666667,34570.93,24
2021-06-04,27707.7408333333,33053.29,24
2021-06-05,25191.6475,30266.8,24
2021-06-06,23325.87125,28150.39,24
2021-06-07,24692.645,27780.27,24
2021-06-08,23898.8433333333,27907.48,24
2021-06-09,23704.2458333333,27428.95,24
2021-06-10,23663.6716666667,27711.1,24
2021-06-11,24417.1254166667,28877.55,24
2021-06-12,24711.08625,31004.8,24
2021-06-13,24762.8325,32090.78,24
2021-06-14,28536.31375,35864.75,24
2021-06-15,30313.3008333333,38852.06,24
2021-06-16,31407.40625,38952.05,24
2021-06-17,32501.78875,41083.26,24
2021-06-18,32607.6616666667,40580.33,24
2021-06-19,29575.5908333333,36699.4,24
2021-06-20,27196.4379166667,33836.07,24
2021-06-21,28692.4625,35402.62,24
2021-06-22,28439.385,33627.28,24
2021-06-23,28567.7666666667,33302.03,24
2021-06-24,27678.3816666667,32495.4,24
2021-06-25,27879.1779166667,33992.99,24
2021-06-26,27886.9583333333,35493.26,24
2021-06-27,28175.40625,35653.44,24
2021-06-28,30478.4533333333,37734.45,24
2021-06-29,30416.04125,36834.85,24
2021-06-30,30681.1495833333,37539.65,24
2021-07-01,30676.4520833333,38339.63,24
2021-07-02,30358.6920833333,37186.88,24
2021-07-03,28364.235,34760.01,24
2021-07-04,25994.50125,31878.19,24
2021-07-05,27182.1129166667,34651.32,24
2021-07-06,29257.83875,36533.47,24
2021-07-07,30384.8470833333,37623.27,24
2021-07-08,32411.5504166667,40765.01,24
2021-07-09,34157.91125,42993.82,24
2021-07-10,32367.7733333333,40325.07,24
2021-07-11,30168.26375,37498.25,24
2021-07-12,31314.9841666667,38447.76,24
2021-07-13,31649.6441666667,38340.13,24
2021-07-14,31491.4854166667,38130.89,24
2021-07-15,31083.14125,37635.84,24
2021-07-16,30461.7008333333,36771.22,24
2021-07-17,29465.8008333333,36489.56,24
2021-07-18,29801.2566666667,37591.5,24
2021-07-19,33166.9279166667,41867.99,24
2021-07-20,32855.9445833333,41000.12,24
2021-07-21,32984.4691666667,41046.41,24
2021-07-22,32360.4395833333,39623.26,24
2021-07-23,31777.16,39126.8,24
2021-07-24,29029.6883333333,34916.21,24
2021-07-25,27752.0708333333,34004.83,24
2021-07-26,29588.1783333333,34322.67,24
2021-07-27,31477.80375,39287.01,24
2021-07-28,32357.1633333333,40897.12,24
2021-07-29,32804.6308333333,41363.08,24
2021-07-30,32479.5341666667,40273.47,24
2021-07-31,29847.8904166667,36800.25,24
2021-08-01,28273.6175,36824.04,24
2021-08-02,31340.16375,40634.29,24
2021-08-03,32072.6783333333,41199.35,24
2021-08-04,32199.0204166667,40599.72,24
2021-08-05,31511.5079166667,38872.12,24
2021-08-06,30699.0870833333,37466.28,24
2021-08-07,28396.7220833333,35102.26,24
2021-08-08,27488.0591666667,35348.29,24
2021-08-09,30754.5058333333,39325.54,24
2021-08-10,32455.2683333333,41733.51,24
2021-08-11,33302.3829166667,41225.06,24
2021-08-12,33307.4504166667,42148,24
2021-08-13,32066.0295833333,39850.97,24
2021-08-14,30370.38625,37058.93,24
2021-08-15,30238.45125,39296.83,24
2021-08-16,33535.45375,42720.12,24
2021-08-17,32027.4941666667,38955.14,24
2021-08-18,29207.78125,32668.78,24
2021-08-19,28853.3420833333,33862.39,24
2021-08-20,28125.0491666667,32965.2,24
2021-08-21,25152.1366666667,29226.28,24
2021-08-22,24434.4020833333,29805.71,24
2021-08-23,27155.8975,33080.27,24
2021-08-24,27936.4770833333,34175.98,24
2021-08-25,29286.5533333333,37121.12,24
2021-08-26,31003.5383333333,40471.8,24
2021-08-27,31933.8220833333,42138.55,24
2021-08-28,30336.80125,39520.87,24
2021-08-29,29459.1345833333,38245.41,24
2021-08-30,31461.1475,39970.89,24
2021-08-31,29238.0625,34645.33,24
2021-09-01,27712.8495833333,32033.75,24
2021-09-02,27646.61875,32476,24
2021-09-03,27820.0020833333,34158.99,24
2021-09-04,27225.7479166667,35776.35,24
2021-09-05,27834.3633333333,37565.64,24
2021-09-06,29605.5591666667,39568.72,24
2021-09-07,32317.0054166667,42344.93,24
2021-09-08,33172.2520833333,43789.26,24
2021-09-09,33755.3041666667,43232.38,24
2021-09-10,32437.72,40084.75,24
2021-09-11,30017.9279166667,38098.34,24
2021-09-12,28572.1066666667,37216.09,24
2021-09-13,30276.0120833333,39501.05,24
2021-09-14,29216.9575,37498.78,24
2021-09-15,27977.1895833333,34589.33,24
2021-09-16,26760.2708333333,32064.57,24
2021-09-17,26233.92125,31155.32,24
2021-09-18,24305.1954166667,28725.44,24
2021-09-19,23240.2,28668.13,24
2021-09-20,26941.9875,34196.99,24
2021-09-21,30464.0504166667,40762.72,24
2021-09-22,31218.09125,39995.57,24
2021-09-23,29340.5091666667,36002.1,24
2021-09-24,28053.74875,33380.28,24
2021-09-25,25297.28375,29868.46,24
2021-09-26,23318.4175,27785.23,24
2021-09-27,25411.2041666667,29395.87,24
2021-09-28,25055.68375,28990.77,24
2021-09-29,24889.2908333333,29385.3,24
2021-09-30,25967.3766666667,31904.47,24
2021-10-01,26630.05,33102.21,24
2021-10-02,25439.5254166667,32353.9,24
2021-10-03,25002.42625,32497.65,24
2021-10-04,27147.93875,32743.83,24
2021-10-05,26533.74625,31214.78,24
2021-10-06,25688.3825,29498.84,24
2021-10-07,25134.8920833333,28332.26,24
2021-10-08,24066.78,26898.32,24
2021-10-09,21770.10875,25600.87,24
2021-10-10,21309.65375,26269.3,24
2021-10-11,22980.5025,26948.19,24
2021-10-12,23015.9845833333,27167.16,24
2021-10-13,23603.9791666667,27443.98,24
2021-10-14,23751.9304166667,27842.14,24
2021-10-15,24351.9058333333,28400.51,24
2021-10-16,22745.2370833333,27165.65,24
2021-10-17,21408.0833333333,25621.73,24
2021-10-18,23691.47,27109.62,24
2021-10-19,23580.0616666667,27464.67,24
2021-10-20,24179.4358333333,27831.21,24
2021-10-21,24457.7958333333,28148.34,24
2021-10-22,23896.4679166667,26869.75,24
2021-10-23,22168.8,25222.09,24
2021-10-24,21835.95875,25831.92,24
2021-10-25,23658.0391666667,26596.57,24
2021-10-26,23504.9379166667,27077.25,24
2021-10-27,23985.1554166667,28141.41,24
2021-10-28,24838.97375,29913.83,24
2021-10-29,24573.2141666667,28636.03,24
2021-10-30,22356.40125,25857.31,24
2021-10-31,21442.5283333333,24530.67,24
2021-11-01,23934.6766666667,27629.26,24
2021-11-02,23740.4429166667,27616.28,24
2021-11-03,23507.56,27783.1,24
2021-11-04,23870.4725,27697.66,24
2021-11-05,23571.8266666667,27119.12,24
2021-11-06,21957.3616666667,25441.39,24
2021-11-07,21006.9508,25434.14,25
2021-11-08,23409.27375,28069.34,24
2021-11-09,24049.4695833333,28165.68,24
2021-11-10,23925.48375,28209.16,24
2021-11-11,24327.72875,29447.55,24
2021-11-12,25141.74,30275.65,24
2021-11-13,22959.91875,27364.9,24
2021-11-14,22139.8383333333,27200.36,24
2021-11-15,24304.7220833333,29019.63,24
2021-11-16,23954.0470833333,28055.74,24
2021-11-17,23801.5429166667,28123.27,24
2021-11-18,24010.41,28084.81,24
2021-11-19,23858.9520833333,27423.76,24
2021-11-20,22170.29875,25534.09,24
2021-11-21,21559.63,25766.1,24
2021-11-22,23822.7120833333,28271,24
2021-11-23,23893.88,27953.89,24
2021-11-24,23616.2854166667,27553.36,24
2021-11-25,21050.7525,23701.33,24
2021-11-26,21276.4420833333,25485.63,24
2021-11-27,21178.4466666667,25185.85,24
2021-11-28,21131.2595833333,25716.3,24
2021-11-29,23875.1366666667,28658.19,24
2021-11-30,24223.9554166667,28626.43,24
2021-12-01,24236.8783333333,28615.36,24
2021-12-02,24267.2425,28343.94,24
2021-12-03,24069.65,27985.86,24
2021-12-04,22974.5779166667,26474.4,24
2021-12-05,22608.4554166667,26795.43,24
2021-12-06,25075.77375,29677.84,24
2021-12-07,25099.7741666667,29018.02,24
2021-12-08,25145.15375,29314.19,24
2021-12-09,25476.98625,29336.05,24
2021-12-10,25114.8458333333,29019.3,24
2021-12-11,23531.06,27268.41,24
2021-12-12,23544.8920833333,27772.21,24
2021-12-13,26505.0633333333,30659.16,24
2021-12-14,26871.8683333333,31261.38,24
2021-12-15,26622.7233333333,31170.58,24
2021-12-16,26505.3854166667,30498.03,24
2021-12-17,25954.73625,29588.32,24
2021-12-18,24947.3054166667,28807.84,24
2021-12-19,24662.89375,28795.45,24
2021-12-20,26417.4329166667,30149.98,24
2021-12-21,25910.94375,29653.38,24
2021-12-22,25767.7716666667,29318.09,24
2021-12-23,25252.8258333333,28756.07,24
2021-12-24,23055.7479166667,26310.35,24
2021-12-25,22716.3283333333,25352.6,24
2021-12-26,22780.8545833333,27066.29,24
2021-12-27,24989.5245833333,29293.96,24
2021-12-28,25449.5020833333,29652.07,24
2021-12-29,25745.8970833333,29882.27,24
2021-12-30,24688.4016666667,28551.12,24
2021-12-31,23248.2329166667,27140.93,24
2022-01-01,22212.745,26314.76,24
2022-01-02,22766.91125,27209.8,24
2022-01-03,24858.1604166667,29163.91,24
2022-01-04,24610.3025,28584.11,24
2022-01-05,24367.2033333333,28185.35,24
2022-01-06,24299.2483333333,28096.41,24
2022-01-07,24650.0341666667,28000.04,24
2022-01-08,22509.0558333333,26381.19,24
2022-01-09,21927.9691666667,26329.77,24
2022-01-10,24244.3191666667,28180.43,24
2022-01-11,23974.9016666667,27997.41,24
2022-01-12,24165.2683333333,28065.75,24
2022-01-13,24498.245,27949.67,24
2022-01-14,23766.0779166667,27084.85,24
2022-01-15,22763.22875,25998.44,24
2022-01-16,21343.305,25422.07,24
2022-01-17,23478.1208333333,27429.59,24
2022-01-18,23617.3558333333,27496.61,24
2022-01-19,23709.9533333333,27641.7,24
2022-01-20,23641.3258333333,27428.61,24
2022-01-21,23588.9454166667,27078.08,24
2022-01-22,21510.4370833333,25373.11,24
2022-01-23,21106.3904166667,25593.51,24
2022-01-24,23509.93625,27636.92,24
2022-01-25,23816.18,27893.58,24
2022-01-26,24052.0083333333,27958.27,24
2022-01-27,24050.9795833333,27907.08,24
2022-01-28,24105.5716666667,27308.13,24
2022-01-29,22758.9745833333,25858.03,24
2022-01-30,21404.0341666667,25435.9,24
2022-01-31,24624.035,28457.06,24
2022-02-01,24060.3166666667,28081.93,24
2022-02-02,23846.7254166667,28020.94,24
2022-02-03,24074.9054166667,27758.33,24
2022-02-04,23605.4895833333,26951.06,24
2022-02-05,21798.5804166667,25164.49,24
2022-02-06,20796.0866666667,25181.54,24
2022-02-07,23256.9883333333,27463.24,24
2022-02-08,23345.75,27299.82,24
2022-02-09,23676.2216666667,27676.37,24
2022-02-10,23610.8775,28048.6,24
2022-02-11,23210.2254166667,27306.37,24
2022-02-12,21423.7970833333,25808.77,24
2022-02-13,20547.2920833333,24647.94,24
2022-02-14,22669.2975,27176.21,24
2022-02-15,23337.62625,27586.17,24
2022-02-16,23116.8654166667,27278.48,24
2022-02-17,23024.6508333333,27102.76,24
2022-02-18,22914.98375,26630.9,24
2022-02-19,20960.5245833333,24870.42,24
2022-02-20,20099.60375,24608.82,24
2022-02-21,22375.2929166667,27385.66,24
2022-02-22,24284.7304166667,28726.97,24
2022-02-23,24682.67875,29019.71,24
2022-02-24,24595.7679166667,28307.87,24
2022-02-25,23946.1441666667,27372.23,24
2022-02-26,21977.52125,25244.49,24
2022-02-27,20241.0175,24893.73,24
2022-02-28,22808.0895833333,27664.56,24
2022-03-01,23088.45375,27608.89,24
2022-03-02,23055.8754166667,27588.93,24
2022-03-03,23335.9445833333,27247.87,24
2022-03-04,23245.4579166667,26820.65,24
2022-03-05,21564.3458333333,25697.64,24
2022-03-06,20456.2241666667,25141.72,24
2022-03-07,22674.2420833333,27176.43,24
2022-03-08,22666.5070833333,26779.92,24
2022-03-09,22437.61,26761.32,24
2022-03-10,22531.7195833333,26918.05,24
2022-03-11,22404.4495833333,26137.64,24
2022-03-12,20543.8245833333,24654.35,24
2022-03-13,19641.0130434783,24213.06,23
2022-03-14,22392.4775,26640.65,24
2022-03-15,23124.6833333333,26722.57,24
2022-03-16,22693.95625,26697.23,24
2022-03-17,23075.69125,26750.67,24
2022-03-18,22645.4795833333,26335.23,24
2022-03-19,21326.09,24334.2,24
2022-03-20,19592.6125,24380.87,24
2022-03-21,22160.7925,26550.35,24
2022-03-22,23190.1679166667,27970.67,24
2022-03-23,23622.7825,28687.82,24
2022-03-24,23690.4529166667,28483.52,24
2022-03-25,23312.72125,27687.07,24
2022-03-26,20892.3920833333,24878.58,24
2022-03-27,19912.6429166667,24386.02,24
2022-03-28,22711.3695833333,25610.38,24
2022-03-29,21976.2866666667,25519.55,24
2022-03-30,22187.6804166667,25757.99,24
2022-03-31,22403.1679166667,25617.22,24
2022-04-01,22034.9558333333,25392.33,24
2022-04-02,20701.9441666667,24057.87,24
2022-04-03,19892.02625,24171.96,24
2022-04-04,22129.0816666667,26499.11,24
2022-04-05,22800.8341666667,27396.21,24
2022-04-06,24292.8504166667,29756.2,24
2022-04-07,25989.1275,32916.6,24
2022-04-08,26827.3291666667,33267.76,24
2022-04-09,22049.5995833333,26076.16,24
2022-04-10,19975.0475,24683.05,24
2022-04-11,22577.40125,26100.44,24
2022-04-12,22050.3666666667,26112.84,24
2022-04-13,22503.8241666667,26324.78,24
2022-04-14,22957.1908333333,26123.91,24
2022-04-15,21810.0125,25217.01,24
2022-04-16,20405.7225,23874.31,24
2022-04-17,18893.28625,23651.91,24
2022-04-18,22376.5558333333,26890.24,24
2022-04-19,22729.5395833333,26584.64,24
2022-04-20,22512.6979166667,26353.09,24
2022-04-21,22506.23875,25858.38,24
2022-04-22,21752.4508333333,25025.59,24
2022-04-23,19754.45,24043.9,24
2022-04-24,19724.795,25395.96,24
2022-04-25,23151.31375,28178.47,24
2022-04-26,23286.6108333333,27449.94,24
2022-04-27,22775.32875,27211.47,24
2022-04-28,22529.56625,26346.61,24
2022-04-29,22304.3875,26189.19,24
2022-04-30,20881.67875,25292.08,24
2022-05-01,19689.6276157687,25020.939711,24
2022-05-02,22538.5259011123,27151.173158,24
2022-05-03,22997.5528985542,27356.967117,24
2022-05-04,23749.3137595258,29019.736537,24
2022-05-05,24107.6807433958,28387.107953,24
2022-05-06,24012.0478359041,28044.85244,24
2022-05-07,21246.1336180901,25357.696012,24
2022-05-08,19627.6733126708,24134.661155,24
2022-05-09,22058.2573718804,26523.933498,24
2022-05-10,22336.6826541908,26449.908222,24
2022-05-11,22104.1752142291,26370.011993,24
2022-05-12,22750.0993099708,27066.463438,24
2022-05-13,23815.3205908504,28678.902076,24
2022-05-14,23739.10866851,30040.020481,24
2022-05-15,22639.0771495462,27963.735553,24
2022-05-16,24075.7962056083,28970.913462,24
2022-05-17,24364.672477165,28964.2714849999,24
2022-05-18,25420.7890315208,31018.81561,24
2022-05-19,25767.9248835833,29696.2068579999,24
2022-05-20,24208.8388409409,27084.3704,24
2022-05-21,22412.2110840937,26067.5322729999,24
2022-05-22,21892.8147331083,26790.1675489999,24
2022-05-23,25103.8832109167,29991.120302,24
2022-05-24,26947.969744625,33299.168094,24
2022-05-25,28269.561162,34250.084035,24
2022-05-26,26594.5709037708,30367.6935419999,24
2022-05-27,24829.016065125,28025.516815,24
2022-05-28,22419.2851694262,25305.8566889999,24
2022-05-29,20889.7497261292,24946.6252919999,24
2022-05-30,21789.4834607716,26597.049498,24
2022-05-31,24519.4061774583,29502.440556,24
2022-06-01,26363.9025,32098.14,24
2022-06-02,26638.4316666667,31239.65,24
2022-06-03,25961.8825,29064.8,24
2022-06-04,23670.9266666667,26831.7,24
2022-06-05,23538.5133333333,28528.35,24
2022-06-06,26413.79,32117.68,24
2022-06-07,27268.85375,32892.96,24
2022-06-08,28070.6629166667,34365.08,24
2022-06-09,29090.4295833333,36200.2,24
2022-06-10,31227.0770833333,39245.09,24
2022-06-11,29037.5058333333,35745.79,24
2022-06-12,26159.8016666667,30911.7,24
2022-06-13,26373.0654166667,30834.74,24
2022-06-14,27244.9433333333,33132.28,24
2022-06-15,28550.6145833333,35154.5,24
2022-06-16,28068.9258333333,33317.24,24
2022-06-17,25847.1758333333,28271.17,24
2022-06-18,22780.2266666667,26292.03,24
2022-06-19,22360.925,27272.21,24
2022-06-20,27801.8908333333,36553.04,24
2022-06-21,30797.1933333333,39408.7,24
2022-06-22,30972.3345833333,37460.75,24
2022-06-23,31952.37625,39998.73,24
2022-06-24,31445.00875,39709.84,24
2022-06-25,28904.8433333333,36618.61,24
2022-06-26,28119.1825,37047.2,24
2022-06-27,32020.2208333333,41362.39,24
2022-06-28,32456.2475,40648.4,24
2022-06-29,31298.6316666667,38612.71,24
2022-06-30,30158.5066666667,36562.2,24
2022-07-01,29204.1508333333,35078.88,24
2022-07-02,26170.05625,30504.02,24
2022-07-03,23653.7020833333,27539.6,24
2022-07-04,23930.1008333333,28797.13,24
2022-07-05,27900.7204166667,33838.3,24
2022-07-06,28224.965,33803.4,24
2022-07-07,28584.1916666667,35236.09,24
2022-07-08,29366.9029166667,35946.57,24
2022-07-09,27939.76625,34530.95,24
2022-07-10,28049.6966666667,36853.74,24
2022-07-11,31309.0058333333,39452.94,24
2022-07-12,30267.7545833333,36946.78,24
2022-07-13,29877.04375,36865.92,24
2022-07-14,30611.9645833333,37643.69,24
2022-07-15,31319.6220833333,38697.28,24
2022-07-16,30839.3504166667,39027.65,24
2022-07-17,30339.46875,38073.34,24
2022-07-18,33188.2475,41412.79,24
2022-07-19,33066.265,41266.38,24
2022-07-20,32532.5995833333,40413.15,24
2022-07-21,31882.5704166667,39327.84,24
2022-07-22,31131.92,38426.01,24
2022-07-23,28540.61875,35166.68,24
2022-07-24,27916.95375,35153.32,24
2022-07-25,30392.6491666667,37495.64,24
2022-07-26,30944.5833333333,37827.79,24
2022-07-27,30837.8183333333,37907.75,24
2022-07-28,30942.095,37714.25,24
2022-07-29,31358.1354166667,37879.1,24
2022-07-30,29768.2979166667,35943.97,24
2022-07-31,29340.705,34955.05,24
2022-08-01,32451.6658333333,38790.38,24
2022-08-02,33265.0070833333,41583.54,24
2022-08-03,33556.1333333333,42040.05,24
2022-08-04,33200.9229166667,39402.85,24
2022-08-05,32020.2104166667,38258,24
2022-08-06,29573.2091666667,36695.09,24
2022-08-07,28956.3954166667,36791.41,24
2022-08-08,32065.3533333333,39860.2,24
2022-08-09,32954.7445833333,40405.7,24
2022-08-10,33135.3954166667,41074.46,24
2022-08-11,32878.3579166667,41084.89,24
2022-08-12,32183.9,40170.18,24
2022-08-13,30719.5779166667,38729.39,24
2022-08-14,30061.345,39231.28,24
2022-08-15,33214.41375,43385.67,24
2022-08-16,34657.1770833333,45232.86,24
2022-08-17,34911.8254166667,42754.72,24
2022-08-18,33451.78125,41675.83,24
2022-08-19,32611.7075,40936.25,24
2022-08-20,30540.35875,38014.17,24
2022-08-21,28911.1983333333,36335.64,24
2022-08-22,31632.1841666667,40384.24,24
2022-08-23,32786.99125,42101.82,24
2022-08-24,33138.1795833333,41555.61,24
2022-08-25,33054.125,41351.69,24
2022-08-26,32471.55375,40370.02,24
2022-08-27,29443.18,35990.05,24
2022-08-28,27727.835,34491.47,24
2022-08-29,30755.7179166667,38748.22,24
2022-08-30,32797.7420833333,42015.24,24
2022-08-31,34650.1258333333,45178.58,24
2022-09-01,36436.07625,47101.36,24
2022-09-02,36651.40125,45674.86,24
2022-09-03,35283.2529166667,43852.15,24
2022-09-04,35392.04875,43888.31,24
2022-09-05,37393.4858333333,48704.16,24
2022-09-06,40342.34875,51479,24
2022-09-07,40119.96125,49859.09,24
2022-09-08,39285.1691666667,48351.2,24
2022-09-09,36887.04,42862.31,24
2022-09-10,30912.8866666667,34295.52,24
2022-09-11,30809.9675,36894.46,24
2022-09-12,32372.3166666667,38250.65,24
2022-09-13,30499.9608333333,34965.29,24
2022-09-14,28679.24125,32798.37,24
2022-09-15,27565.9383333333,31674.58,24
2022-09-16,27012.29625,31400,24
2022-09-17,24499.4708333333,28178.56,24
2022-09-18,23395.34625,27449.76,24
2022-09-19,25504.02625,29858.5,24
2022-09-20,26433.4654166667,30892.42,24
2022-09-21,26332.4054166667,30411.32,24
2022-09-22,26540.2495833333,32095.39,24
2022-09-23,27920.1916666667,35196.3,24
2022-09-24,27595.2225,34990.06,24
2022-09-25,27135.0895833333,34898.89,24
2022-09-26,30030.5966666667,38864.64,24
2022-09-27,30293.3704166667,38539.53,24
2022-09-28,30264.4170833333,38539.89,24
2022-09-29,29384.2679166667,35914.11,24
2022-09-30,27861.16875,33305.22,24
2022-10-01,24427.0116666667,28814.23,24
2022-10-02,23495.8941666667,28993.09,24
2022-10-03,26442.4783333333,32343.33,24
2022-10-04,27488.9966666667,33436.56,24
2022-10-05,27857.4258333333,34315.99,24
2022-10-06,27786.8345833333,33521.89,24
2022-10-07,28012.7520833333,33933.97,24
2022-10-08,26239.9025,31281.78,24
2022-10-09,25079.13,30297.57,24
2022-10-10,26998.5158333333,32188.14,24
2022-10-11,26613.1591666667,30901.57,24
2022-10-12,26437.2375,30817.01,24
2022-10-13,26148.5133333333,30277.86,24
2022-10-14,25781.5295833333,29201.77,24
2022-10-15,23687.2133333333,26542.87,24
2022-10-16,22802.6629166667,26313.51,24
2022-10-17,24905.5845833333,29441.8,24
2022-10-18,26769.5220833333,31642.52,24
2022-10-19,27760.4475,34170.53,24
2022-10-20,27334.2316666667,32693.47,24
2022-10-21,26128.8495833333,29601.32,24
2022-10-22,22975.3220833333,25089.51,24
2022-10-23,20984.0933333333,24824.29,24
2022-10-24,23601.7029166667,27662.68,24
2022-10-25,23895.0575,27446.59,24
2022-10-26,23860.1925,27691.26,24
2022-10-27,23919.7783333333,27547.85,24
2022-10-28,24261.0266666667,26825.88,24
2022-10-29,22083.2104166667,25017.4,24
2022-10-30,21539.0270833333,25513.02,24
2022-10-31,24112.085,26699.15,24
2022-11-01,24230.6304166667,27242.38,24
2022-11-02,23751.61875,27188.49,24
2022-11-03,23639.35875,27262.86,24
2022-11-04,24025.7541666667,26585.78,24
2022-11-05,21971.1658333333,24647.53,24
2022-11-06,21422.3568,25287.01,25
2022-11-07,24118.0083333333,27708.71,24
2022-11-08,25087.82,28175.72,24
2022-11-09,23975.4566666667,27748.1,24
2022-11-10,23745.7079166667,27369.73,24
2022-11-11,23703.5108333333,27019.28,24
2022-11-12,21963.7,25227.05,24
2022-11-13,21981.5945833333,25984.91,24
2022-11-14,23865.7329166667,27952.9,24
2022-11-15,24167.2108333333,27899.51,24
2022-11-16,24217.3941666667,27879.27,24
2022-11-17,24461.08125,27624.32,24
2022-11-18,23945.8091666667,26935.45,24
2022-11-19,22593.7825,25540.02,24
2022-11-20,22036.8541666667,25429.92,24
2022-11-21,24197.2483333333,27980.39,24
2022-11-22,24164.1795833333,27459.51,24
2022-11-23,23617.7991666667,26799.85,24
2022-11-24,20929.1716666667,23188.67,24
2022-11-25,21416.9166666667,24896.9,24
2022-11-26,21072.665,24295.76,24
2022-11-27,21283.83625,25352.37,24
2022-11-28,23995.49125,28110.24,24
2022-11-29,24319.3783333333,28183.6,24
2022-11-30,24793.7879166667,28252.65,24
2022-12-01,25654.70875,29236.53,24
2022-12-02,25119.165,28092.87,24
2022-12-03,23660.9025,26271.2,24
2022-12-04,22644.1658333333,26031.57,24
2022-12-05,24399.0558333333,28088.41,24
2022-12-06,25133.3004166667,28589.57,24
2022-12-07,25334.7425,28835.59,24
2022-12-08,25694.63375,29069.87,24
2022-12-09,24993.5816666667,28182.27,24
2022-12-10,23719.43875,26538.82,24
2022-12-11,23415.585,27423.79,24
2022-12-12,25710.3779166667,30047.57,24
2022-12-13,26396.4370833333,29724.8,24
2022-12-14,26295.8266666667,29859.9,24
2022-12-15,26163.105,29383.04,24
2022-12-16,25577.8266666667,28550.33,24
2022-12-17,24361.165,27046.47,24
2022-12-18,23655.565,27111.86,24
2022-12-19,26301.6108333333,29588.07,24
2022-12-20,25584.8091666667,28670.67,24
2022-12-21,25875.5020833333,28862.2,24
2022-12-22,25483.9370833333,28334.99,24
2022-12-23,23807.2204166667,26538.45,24
2022-12-24,22283.3716666667,25257.46,24
2022-12-25,21276.0420833333,24107.71,24
2022-12-26,22565.21875,26130.17,24
2022-12-27,24341.8870833333,27562.64,24
2022-12-28,23525.725,28415.76,24
2022-12-29,24733.3541666667,27884.84,24
2022-12-30,23911.9620833333,26775.42,24
2022-12-31,23008.7629166667,26331.38,24
2023-01-01,21355.7390155667,25032.325151,24
2023-01-02,24144.1959379583,28426.103622,24
2023-01-03,25566.2951078333,28989.95666,24
2023-01-04,25100.8979942083,28052.060605,24
2023-01-05,24903.0277634583,27728.949498,24
2023-01-06,24057.27208675,27085.533368,24
2023-01-07,22920.6999656667,25683.138355,24
2023-01-08,21901.217457,25660.686009,24
2023-01-09,24737.1903719583,27860.692259,24
2023-01-10,25054.7359880833,28288.360511,24
2023-01-11,25697.5331419167,28863.942167,24
2023-01-12,24337.7469590416,27037.8048319999,24
2023-01-13,24204.1323169583,26908.380932,24
2023-01-14,23371.0107479167,26415.068063,24
2023-01-15,22863.0903102083,26347.011388,24
2023-01-16,24350.331669,28259.954653,24
2023-01-17,24738.7694445958,28457.834712,24
2023-01-18,24953.9339588333,28392.373847,24
2023-01-19,25195.840181375,28865.552164,24
2023-01-20,24666.3107158996,27761.029876,24
2023-01-21,22924.3654177196,26095.848632,24
2023-01-22,22463.574399,26275.6067689999,24
2023-01-23,24377.633496475,28124.118777,24
2023-01-24,24440.1687580208,27753.0785919999,24
2023-01-25,24235.2832677146,27494.345728,24
2023-01-26,23853.8953242875,27245.786406,24
2023-01-27,23827.0927521,26697.591376,24
2023-01-28,22037.7743639875,25177.103136,24
2023-01-29,22987.3900900833,26469.606931,24
2023-01-30,24807.8267736041,28556.819082,24
2023-01-31,24496.3146594121,27880.444017,24
2023-02-01,24361.1583951125,27826.5645,24
2023-02-02,24481.8534998312,27517.274827,24
2023-02-03,24245.36740025,26556.145677,24
2023-02-04,21909.6284936529,24677.897295,24
2023-02-05,21689.1066018042,25549.9681419999,24
2023-02-06,23540.6053159,27419.758939,24
2023-02-07,23513.3144691912,26931.236522,24
2023-02-08,23178.2856513417,26710.864586,24
2023-02-09,23072.1172090666,26567.318032,24
2023-02-10,22897.6607251662,26085.2065559999,24
2023-02-11,21533.0364633658,24987.210967,24
2023-02-12,20827.25888415,24460.1118059999,24
2023-02-13,22800.348678725,27041.813262,24
2023-02-14,23983.5931107208,28371.919001,24
2023-02-15,24141.6914135583,28222.185597,24
2023-02-16,24614.0091021616,28170.181005,24
2023-02-17,23461.3626906916,26586.641834,24
2023-02-18,21519.599215375,24603.536594,24
2023-02-19,20850.2931289666,24440.688469,24
2023-02-20,21980.3472915291,25804.871022,24
2023-02-21,23036.8987758083,26945.111767,24
2023-02-22,24019.828057225,28756.0485669999,24
2023-02-23,25345.0438525904,28891.047891,24
2023-02-24,25822.0379791666,28367.5831379999,24
2023-02-25,24310.2656642917,27049.0084189999,24
2023-02-26,22989.7559049554,27061.49428,24
2023-02-27,25549.3060360416,29126.655881,24
2023-02-28,24862.2067388042,28573.857659,24
2023-03-01,24417.6470402292,28696.964726,24
2023-03-02,23732.5258468558,27235.328134,24
2023-03-03,22995.8719754533,26399.621816,24
2023-03-04,22533.65042635,25712.759682,24
2023-03-05,22144.655284,26108.719528,24
2023-03-06,23872.4663030296,27699.404709,24
2023-03-07,23452.6428332821,27337.59099,24
2023-03-08,23780.561738725,27548.054989,24
2023-03-09,24854.03311546,28308.129454,24
2023-03-10,24809.6552090833,27308.403488,24
2023-03-11,22925.9114355291,25888.42099,24
2023-03-12,22060.7592578017,25543.962613,23
2023-03-13,23568.9911073796,27210.488283,24
2023-03-14,24679.659025125,26934.528323,24
2023-03-15,23922.3823941375,26787.663105,24
2023-03-16,23206.3433782162,26481.826728,24
2023-03-17,22326.7588313416,26082.4642939999,24
2023-03-18,20752.287293775,24001.070148,24
2023-03-19,21559.7602982917,24808.893981,24
2023-03-20,23037.36720125,26178.472944,24
2023-03-21,24767.9312718192,27717.790306,24
2023-03-22,24421.4310743416,27143.400779,24
2023-03-23,24348.9479399371,27607.59253,24
2023-03-24,23050.6707264458,26852.822149,24
2023-03-25,21053.0897564637,25092.916306,24
2023-03-26,20745.748551625,25568.606236,24
2023-03-27,22924.3482651167,26850.77669,24
2023-03-28,24180.1097506166,27281.048562,24
2023-03-29,25013.0160327916,27943.823911,24
2023-03-30,24337.2042947083,27402.927855,24
2023-03-31,23081.96579125,26410.709534,24
2023-04-01,20636.7457463625,24583.292689,24
2023-04-02,20275.9195886829,25094.828004,24
2023-04-03,23101.21144825,27566.169836,24
2023-04-04,23342.9382728779,27256.257145,24
2023-04-05,23063.7979218958,26703.755712,24
2023-04-06,22751.0879989333,26131.2696589999,24
2023-04-07,22601.5370515708,25640.86209,24
2023-04-08,20154.9878945708,24315.176191,24
2023-04-09,19526.2104575833,24196.9760029999,24
2023-04-10,21926.5452645833,26709.4583636,24
2023-04-11,22249.7040778537,26491.1525828,24
2023-04-12,22827.0688371217,26151.6128809999,24
2023-04-13,22813.9926148692,26209.3379329,24
2023-04-14,22398.0242707641,25337.15969324,24
2023-04-15,20155.0426544337,24211.781249,24
2023-04-16,19913.4036127742,24578.657932,24
2023-04-17,22845.3548849904,26228.323607,24
2023-04-18,22501.8866324166,26074.8575909,24
2023-04-19,21991.102061625,25803.151937,24
2023-04-20,22487.3136032208,26175.3487588,24
2023-04-21,22748.4575129708,26821.5588126,24
2023-04-22,21124.39871635,25716.2205184,24
2023-04-23,20407.5706693791,25823.972497,24
2023-04-24,22722.1852807875,26941.8726689999,24
2023-04-25,22692.9206414,27046.012067,24
2023-04-26,23658.4493500875,28645.843601,24
2023-04-27,24318.9412484471,29200.942207,24
2023-04-28,24456.893021525,29110.261086,24
2023-04-29,22233.5452976792,26668.6135531,24
2023-04-30,21009.9078503929,25314.3534689999,24
2023-05-01,23571.1837278083,26284.359556,24
2023-05-02,23193.6821835875,26379.944862,24
2023-05-03,23210.3210043875,26473.203307,24
2023-05-04,23793.4434929583,26313.066851,24
2023-05-05,23335.6797572958,25523.361584,24
2023-05-06,20541.2804385667,23993.937669,24
2023-05-07,19602.7921084167,25007.866856,24
2023-05-08,22209.6480162875,26488.866502,24
2023-05-09,22330.1253381333,26115.738244,24
2023-05-10,22501.0107116696,26138.283575,24
2023-05-11,22538.8397159875,26440.592745,24
2023-05-12,23360.9270889575,27398.934597,24
2023-05-13,22783.7423057792,28101.704954,24
2023-05-14,22283.0686406833,27514.055576,24
2023-05-15,24552.4276298517,29581.91909,24
2023-05-16,25426.2256491791,30753.995024,24
2023-05-17,25665.1418322624,30107.316868,24
2023-05-18,25438.4270268083,29598.562651,24
2023-05-19,25044.5483202379,28565.0137059999,24
2023-05-20,23233.4824477708,27001.986952,24
2023-05-21,22962.1027508917,28142.777684,24
2023-05-22,25611.1441748333,30543.107551,24
2023-05-23,24990.1710517454,28226.322052,24
2023-05-24,24188.463829605,27572.502019,24
2023-05-25,23764.3234593,27374.9428449999,24
2023-05-26,23368.1561139417,26639.859208,24
2023-05-27,21428.0952962471,26021.684095,24
2023-05-28,21233.0055084862,25089.635484,24
2023-05-29,21699.9880010417,26172.82567,24
2023-05-30,23442.5584042917,27309.983185,24
2023-05-31,24314.9614443417,28174.301499,24
2023-06-01,24329.6102564637,28220.0092109999,24
2023-06-02,23923.59054035,27864.1273359999,24
2023-06-03,22499.76405195,27842.785254,24
2023-06-04,22531.9866971875,28392.022614,24
2023-06-05,24517.3628900417,27632.885526,24
2023-06-06,23928.4949552775,27374.3436801,24
2023-06-07,23768.8053550167,27109.8571123,24
2023-06-08,23874.4746451875,27839.3097179999,24
2023-06-09,24196.6952507208,27292.278974,24
2023-06-10,22438.3770127917,25644.912139,24
2023-06-11,21431.9298740241,25270.2525589999,24
2023-06-12,23716.5281380875,27510.154522,24
2023-06-13,24510.6412928387,28693.573185,24
2023-06-14,25443.2098670792,29972.98939,24
2023-06-15,25731.8621585375,29651.7132849999,24
2023-06-16,25744.5276892416,30075.048288,24
2023-06-17,24505.3073575697,29628.193697,24
2023-06-18,22731.7711036708,26870.580135,24
2023-06-19,23654.7713012042,28152.183912,24
2023-06-20,23858.2890051333,28393.13247,24
2023-06-21,24205.3379695833,28776.816539,24
2023-06-22,24048.0794341833,27734.754743,24
2023-06-23,23595.41000855,27350.788482,24
2023-06-24,22149.46679201,26486.197669,24
2023-06-25,21446.0411531375,26675.685023,24
2023-06-26,24163.13180635,28743.094403,24
2023-06-27,24951.040699125,29859.8145339999,24
2023-06-28,25420.357923675,30259.483583,24
2023-06-29,26768.012957125,32874.119081,24
2023-06-30,28902.7869711804,35723.019206,24
2023-07-01,28583.1157061083,36110.002687,24
2023-07-02,28108.4825367208,35568.237897,24
2023-07-03,28799.0964357,35218.021491,24
2023-07-04,25307.4636645083,30454.2012,24
2023-07-05,26852.0629190833,32728.362062,24
2023-07-06,26537.1145936875,31452.058013,24
2023-07-07,26143.0001213521,30659.4607401,24
2023-07-08,24254.2312291258,29069.260503,24
2023-07-09,23374.7134416896,28997.935017,24
2023-07-10,27017.9046864667,34026.440958,24
2023-07-11,29269.1962845541,36962.763964,24
2023-07-12,30539.2241157192,37731.326764,24
2023-07-13,30868.049123125,38358.5445195,24
2023-07-14,31677.4849771625,40146.097162,24
2023-07-15,30764.7578625708,39014.794989,24
2023-07-16,30980.9623062333,39267.1861069999,24
2023-07-17,34206.2911845,42461.2529955,24
2023-07-18,32998.29362275,40282.349474,24
2023-07-19,32892.6313841041,40884.806416,24
2023-07-20,33538.3042136525,42079.308557,24
2023-07-21,33070.9578846208,41366.9214721999,24
2023-07-22,31109.5639028708,38722.107481,24
2023-07-23,29960.2094307996,35357.8058124999,24
2023-07-24,32587.1056758837,40636.18581261,24
2023-07-25,33871.9733097333,43236.4206118,24
2023-07-26,34332.4133953875,42851.1882839999,24
2023-07-27,33231.9876866375,40781.0163122999,24
2023-07-28,32170.7171579291,38873.1154922,24
2023-07-29,30454.1741311112,37797.7643391,24
2023-07-30,29499.3234418721,38014.744351,24
2023-07-31,32442.0029066212,38811.357768,24
2023-08-01,32139.88185745,39008.2986335999,24
2023-08-02,30921.9114001221,37304.76860923,24
2023-08-03,29461.1172877433,35228.7346,24
2023-08-04,29497.7154626083,36719.8391994,24
2023-08-05,29394.135322045,37638.32079628,24
2023-08-06,29872.8987585583,39106.103264,24
2023-08-07,32224.3476550292,40651.3222613,24
2023-08-08,31040.6569934112,37155.775278,24
2023-08-09,30506.3058726667,35884.278298,24
2023-08-10,29799.7649042916,34649.326271,24
2023-08-11,29675.4624918083,35011.718897,24
2023-08-12,28452.4524507291,35286.423347,24
2023-08-13,28610.1390175583,36390.218706,24
2023-08-14,32883.8651415625,41393.062913,24
2023-08-15,34275.1267282659,43220.133273,24
2023-08-16,35368.4204050246,44230.2863784,24
2023-08-17,34464.4181616625,42449.197716,24
2023-08-18,31894.0170509166,38619.080774,24
2023-08-19,27920.1719209583,32694.832704,24
2023-08-20,27161.7502927083,30578.032324,24
2023-08-21,27676.8712884708,32204.041266,24
2023-08-22,28826.2594770542,36231.038399,24
2023-08-23,31051.2960049583,40195.389892,24
2023-08-24,31058.1542090167,37703.468567,24
2023-08-25,29262.2753802962,35941.5159867,24
2023-08-26,27055.0529495362,34530.675048,24
2023-08-27,27426.641674147,37035.840026,24
2023-08-28,32365.5395091917,42664.93311,24
2023-08-29,32852.883567625,42581.8333,24
2023-08-30,33103.975617125,42089.592962,24
2023-08-31,31160.6118745,38032.053862,24
2023-09-01,29080.3489324167,32520.902008,24
2023-09-02,26483.2381017083,30136.076965,24
2023-09-03,24458.3956596504,28422.754417,24
2023-09-04,24511.4915306416,30874.155826,24
2023-09-05,27220.1482501062,33095.835955,24
2023-09-06,27936.2249896791,34368.863149,24
2023-09-07,28423.0536604333,35853.283072,24
2023-09-08,30018.51915564,38490.2869559999,24
2023-09-09,29164.0785172333,36321.834762,24
2023-09-10,28245.2822740229,36296.137263,24
2023-09-11,30506.22992475,36495.194496,24
2023-09-12,29474.3195510317,35528.412955,24
2023-09-13,28360.3444557791,34508.165043,24
2023-09-14,28034.461496125,33999.297161,24
2023-09-15,27832.720319225,32692.3385719999,24
2023-09-16,25750.6057606583,29108.35423,24
2023-09-17,24235.1204416662,28723.728451,24
2023-09-18,26425.8257214929,30976.1842259999,24
2023-09-19,26193.25041595,31083.467202,24
2023-09-20,26119.6109107637,30421.808367,24
2023-09-21,25597.6929974625,29108.654792,24
2023-09-22,25118.4275125458,28230.832727,24
2023-09-23,23591.4288847792,27995.884034,24
2023-09-24,23201.9416017167,28795.547381,24
2023-09-25,25482.1554591208,30750.47317,24
2023-09-26,26200.6082970333,31679.8079369999,24
2023-09-27,26163.07858345,31185.113432,24
2023-09-28,25961.0131834337,30499.751306,24
2023-09-29,25561.9343268541,28362.197672,24
2023-09-30,23071.8028250267,25357.6959069999,24
2023-10-01,21567.9040580008,25613.366021,24
2023-10-02,23619.7589948875,28079.733818,24
2023-10-03,24669.3223863596,29563.095486,24
2023-10-04,26408.0309018375,33159.184313,24
2023-10-05,28455.203424,36354.285697,24
2023-10-06,28914.3165290699,36936.506247,24
2023-10-07,26666.5887381583,34282.096455,24
2023-10-08,25662.84650175,32485.212551,24
2023-10-09,26156.5137242975,30675.4894839999,24
2023-10-10,25152.6267433833,29226.165723,24
2023-10-11,24500.4849955833,28063.63996,24
2023-10-12,24573.0441560042,28826.730408,24
2023-10-13,24975.9124096041,28391.545761,24
2023-10-14,23148.5124685666,27291.236251,24
2023-10-15,23242.2181763875,29433.751472,24
2023-10-16,26308.4914592792,32059.735689,24
2023-10-17,26629.4475754315,31708.989264,24
2023-10-18,27448.4227434662,33448.839644,24
2023-10-19,28223.2954233167,34719.057981,24
2023-10-20,27774.3418194237,33311.580373,24
2023-10-21,24408.2473482542,28632.788349,24
2023-10-22,22838.0207288083,26521.152993,24
2023-10-23,24799.9135244875,28442.834847,24
2023-10-24,24346.273399175,28646.509306,24
2023-10-25,25014.1123696433,27700.444873,24
2023-10-26,24079.7672558112,27715.768782,24
2023-10-27,23855.6670068042,27125.383877,24
2023-10-28,21647.4657086125,25218.970416,24
2023-10-29,20979.1583996042,24935.615207,24
2023-10-30,23722.9185665417,27470.5841416,24
2023-10-31,23882.2131921447,26971.621724,24
2023-11-01,24431.9783516596,28251.448299,24
2023-11-02,24740.1138792916,28695.4484739999,24
2023-11-03,24254.4373936375,27892.142735,24
2023-11-04,22490.2584788146,25933.912088,24
2023-11-05,22027.1375332692,26746.80291,25
2023-11-06,24014.2285152583,28392.604994,24
2023-11-07,24062.13987825,27695.207171,24
2023-11-08,24027.9096319958,27869.6081869999,24
2023-11-09,23896.8831006516,27536.178721,24
2023-11-10,23391.3810592416,26745.8576389999,24
2023-11-11,21629.0266303833,25084.209275,24
2023-11-12,21292.1318840724,25642.558998,24
2023-11-13,23676.3389662917,27737.756317,24
2023-11-14,24123.8603475917,27784.032456,24
2023-11-15,24862.357958875,27791.378082,24
2023-11-16,24341.19155775,27823.773388,24
2023-11-17,24286.789325125,27725.988379,24
2023-11-18,22796.7988640708,25623.359732,24
2023-11-19,21651.3502940292,25426.788898,24
2023-11-20,23824.265052575,27982.080137,24
2023-11-21,24535.6671548571,28026.693688,24
2023-11-22,24284.140340435,27704.824791,24
2023-11-23,21306.2940835958,23717.738988,24
2023-11-24,21741.6797324125,25342.311181,24
2023-11-25,21698.6232392167,25232.092059,24
2023-11-26,22156.6340127958,26006.819768,24
2023-11-27,24657.18255935,28414.949857,24
2023-11-28,24850.2289564708,28321.1156759999,24
2023-11-29,25265.0926839004,28480.7052875,24
2023-11-30,25369.1088542754,28488.7144696,24
2023-12-01,24737.9640487917,27595.198723,24
2023-12-02,22916.2741631416,25854.606982,24
2023-12-03,22330.5896412358,26107.4045649999,24
2023-12-04,24069.0501803458,27649.509169,24
2023-12-05,24263.5806928458,27687.627572,24
2023-12-06,24717.3839940796,28020.7875309999,24
2023-12-07,24370.29059655,27783.2237299999,24
2023-12-08,24399.486707425,27355.952217,24
2023-12-09,22647.1039842917,25747.913628,24
2023-12-10,23275.1965228417,26802.236177,24
2023-12-11,25169.7359309025,28717.2318309999,24
2023-12-12,25348.3472864583,28670.869522,24
2023-12-13,25357.0982937633,28936.193765,24
2023-12-14,25536.5035735417,28754.722138,24
2023-12-15,25176.6430764246,28122.373773,24
2023-12-16,23492.8249946667,26733.669944,24
2023-12-17,23638.6949388333,26836.070724,24
2023-12-18,25492.483638125,28973.086911,24
2023-12-19,25198.8890044167,28366.024742,24
2023-12-20,25506.2233245417,28887.81022,24
2023-12-21,24862.044899125,27917.430964,24
2023-12-22,24177.7536772083,27476.840147,24
2023-12-23,22602.2367376375,25961.248544,24
2023-12-24,22291.15722725,25565.494549,24
2023-12-25,21855.4561745167,24379.987296,24
2023-12-26,23626.991672,27146.9981,24
2023-12-27,24238.9413615417,27650.743086,24
2023-12-28,23969.5389080833,27084.08791,24
2023-12-29,23511.146222375,26565.15293,24
2023-12-30,22832.035927,25656.085398,24
2023-12-31,22622.99295775,26014.173873,24
2024-01-01,21505.5671728542,24839.327084,24
2024-01-02,23844.6468213125,27435.642751,24
2024-01-03,24166.8305993475,27600.4023969999,24
2024-01-04,24180.373294675,27278.559691,24
2024-01-05,23925.010202375,26744.152261,24
2024-01-06,23239.1122109583,26009.040734,24
2024-01-07,22536.6666612333,26613.7988339999,24
2024-01-08,25339.5850637458,28788.089182,24
2024-01-09,25345.0427388625,28034.3550599999,24
2024-01-10,25475.2603855867,28581.567075,24
2024-01-11,24649.9022069958,28062.0428459,24
2024-01-12,25348.4384744158,27789.8015978,24
2024-01-13,23569.9293765829,26294.79043713,24
2024-01-14,21983.3420757236,24680.2506193659,24
2024-01-15,23585.7415143133,26996.15254732,24
2024-01-16,24654.1341682195,27404.8549192,24
2024-01-17,24316.6145817242,27049.1016622,24
2024-01-18,24287.2950761085,26938.6210259999,24
2024-01-19,24309.9760663083,26734.3988590999,24
2024-01-20,22949.0716032625,25552.345903,24
2024-01-21,22318.7092113708,24948.695933,24
2024-01-22,24467.7327235,27258.573266,24
2024-01-23,23234.7590026962,26548.8977147,24
2024-01-24,24408.8582620042,26953.104166,24
2024-01-25,23457.9975583558,26140.499057,24
2024-01-26,23337.9043773317,25815.652188,24
2024-01-27,21216.8900801958,24287.208891,24
2024-01-28,20654.4659464958,23943.342825,24
2024-01-29,22453.1713116821,25954.834891,24
2024-01-30,22660.7355147333,26002.847318,24
2024-01-31,23561.1538924583,26618.469555,24
2024-02-01,24213.3972947083,27265.507062,24
2024-02-02,23711.4400115862,26817.461738,24
2024-02-03,22390.8932411667,25140.561293,24
2024-02-04,22397.2938185833,25170.00164,24
2024-02-05,24160.0806877083,27526.576756,24
2024-02-06,24595.9629526667,27734.122555,24
2024-02-07,25357.4062664792,28408.343733,24
2024-02-08,24819.5132824412,27855.665148,24
2024-02-09,24098.5844782204,26832.1623559999,24
2024-02-10,21826.3027084625,24939.95838,24
2024-02-11,21597.7290021083,23877.791193,24
2024-02-12,23290.8982757012,27142.204291,24
2024-02-13,23246.7312206208,26812.61694,24
2024-02-14,23598.14010095,27298.137952,24
2024-02-15,23308.40596085,26524.670166,24
2024-02-16,23128.6033428458,25889.244573,24
2024-02-17,22332.5534441079,24719.799024,24
2024-02-18,20890.5397357162,24467.3758519999,24
2024-02-19,22919.2283102583,26639.286374,24
2024-02-20,24326.6779493083,27579.551729,24
2024-02-21,23191.3341692666,26781.595878,24
2024-02-22,22538.2306092542,26464.420417,24
2024-02-23,22696.9426847617,25333.809179,24
2024-02-24,20559.7923476791,23914.744849,24
2024-02-25,19997.9087013404,24166.0559589999,24
2024-02-26,23185.5480952083,26130.529936,24
2024-02-27,22440.5263982875,25880.26614,24
2024-02-28,22180.8922911708,25992.896618,24
2024-02-29,23389.1268722625,26588.748192,24
2024-03-01,23143.635371925,26243.281202,24
2024-03-02,22064.1598269858,25202.462724,24
2024-03-03,21322.5963657512,25105.733794,24
2024-03-04,22906.0372172875,26706.627139,24
2024-03-05,23126.167766075,26716.697426,24
2024-03-06,23454.9620939708,26952.900643,24
2024-03-07,23076.1362072879,26520.877701,24
2024-03-08,21831.3365575208,24910.89899,24
2024-03-09,20433.4209280125,23588.173517,24
2024-03-10,19723.8801151522,23565.123004,23
2024-03-11,22034.9641003625,25754.421094,24
2024-03-12,23060.7818711899,25533.041488,24
2024-03-13,22320.8624353208,25471.907856,24
2024-03-14,21811.089981025,25357.334126,24
2024-03-15,21685.6924316116,24803.890153,24
2024-03-16,19871.3304561396,23071.0062,24
2024-03-17,19339.7771867792,23369.431913,24
2024-03-18,22069.4345145304,25480.802709,24
2024-03-19,21729.1217883146,25610.487629,24
2024-03-20,21728.7277461433,25423.701894,24
2024-03-21,21593.24644548,25472.578958,24
2024-03-22,22107.7819368708,24843.415081,24
2024-03-23,20766.2488729575,23362.59667,24
2024-03-24,19953.6012858875,23647.3462149999,24
2024-03-25,21741.3017266791,25017.684032,24
2024-03-26,21654.7772961083,25048.014794,24
2024-03-27,22669.043209125,25499.121003,24
2024-03-28,22057.332935255,24959.969659,24
2024-03-29,22396.24319055,25140.902884,24
2024-03-30,21353.2854951167,24056.931457,24
2024-03-31,19997.0806737421,23125.2055689999,24
2024-04-01,20910.3055402958,24649.425824,24
2024-04-02,21494.4791062875,25132.264394,24
2024-04-03,21991.4166196833,25748.320733,24
2024-04-04,23586.8474906333,26333.3727359999,24
2024-04-05,23218.1706419833,26264.989527,24
2024-04-06,20354.1863327042,23007.593729,24
2024-04-07,19420.2051316354,23144.731477,24
2024-04-08,21432.192063,25847.4585739999,24
2024-04-09,21607.4402646042,25036.356936,24
2024-04-10,22009.4126230917,25780.094128,24
2024-04-11,22396.7673187375,26570.225225,24
2024-04-12,22328.8438896667,24653.844799,24
2024-04-13,21612.5074256833,23623.088861,24
2024-04-14,20644.0400487575,24084.1311789999,24
2024-04-15,21615.9185924337,24768.402309,24
2024-04-16,21760.6981919742,25101.341253,24
2024-04-17,22325.0906553833,26224.522625,24
2024-04-18,22349.9426323162,26208.628939,24
2024-04-19,21947.2259952917,24835.421819,24
2024-04-20,20081.3790959867,23762.117951,24
2024-04-21,20124.5160701417,25069.3331459999,24
2024-04-22,23051.7781401542,26617.542771,24
2024-04-23,22600.6062096167,25230.52556,24
2024-04-24,22605.1705837083,25546.2851649999,24
2024-04-25,22603.7948203875,25450.158341,24
2024-04-26,22173.9303491583,24359.263371,24
2024-04-27,19906.9771486167,23103.66919,24
2024-04-28,19311.7751326958,23744.426806,24
2024-04-29,21910.7680064042,26125.348056,24
2024-04-30,22731.6494459917,26296.1525767,24
2024-05-01,23064.6341906541,26536.785035,24
2024-05-02,23330.2991213221,26098.04730453,24
2024-05-03,23225.4274348667,25918.272907,24
2024-05-04,22139.8596199917,25150.4067283999,24
2024-05-05,19447.8409960108,23315.270971,24
2024-05-06,21540.4053131292,25508.142531,24
2024-05-07,22105.1854023583,26017.403338,24
2024-05-08,22458.5505628046,26725.200396,24
2024-05-09,23374.5573183,27340.678437,24
2024-05-10,23592.2231771208,27415.1268209999,24
2024-05-11,21970.0601563612,26311.3974959999,24
2024-05-12,21381.7900928537,26302.554503,24
2024-05-13,23638.6128218042,27936.762658,24
2024-05-14,24075.9266165637,28159.985985,24
2024-05-15,24889.8555731242,28423.738911,24
2024-05-16,25062.875151775,28164.4732759999,24
2024-05-17,24733.9083847204,27594.951621,24
2024-05-18,22146.6008434583,25635.874424,24
2024-05-19,20983.4362002625,25894.159219,24
2024-05-20,23184.3007384041,27037.6189749999,24
2024-05-21,23694.0605028437,27868.773725,24
2024-05-22,24199.0587558779,27834.096928,24
2024-05-23,23968.1413344292,27263.409028,24
2024-05-24,23257.2990265708,25786.539633,24
2024-05-25,21003.3579053208,24191.11418,24
2024-05-26,20216.5507880208,24640.554802,24
2024-05-27,21364.8004356041,26789.720945,24
2024-05-28,23748.8864355292,28738.114791,24
2024-05-29,24724.4186955,28760.152941,24
2024-05-30,25246.8511544458,30324.2725819999,24
2024-05-31,25675.5468524541,29791.494155,24
2024-06-01,23437.6705863333,27001.947163,24
2024-06-02,22173.4216516208,26661.1532229999,24
2024-06-03,24777.934848275,28306.717817,24
2024-06-04,26858.7817304542,32669.598313,24
2024-06-05,29458.3629880833,35856.910527,24
2024-06-06,29113.1442265333,34586.572984,24
2024-06-07,27602.4858618575,30933.401293,24
2024-06-08,24020.7852984292,27699.244021,24
2024-06-09,22754.7897433292,27496.850465,24
2024-06-10,26163.2141897542,31503.874287,24
2024-06-11,28268.8701425465,34376.170175,24
2024-06-12,28393.1239712625,33282.8472419999,24
2024-06-13,26352.3067876,30848.079547,24
2024-06-14,26522.0651369708,31398.190201,24
2024-06-15,25012.556792225,29788.8638179999,24
2024-06-16,23384.9281882125,28146.581648,24
2024-06-17,25309.7952750083,29328.1037269999,24
2024-06-18,26319.6105423,30199.7321229999,24
2024-06-19,25739.9696842321,29860.97871,24
2024-06-20,26443.2901498458,30877.210545,24
2024-06-21,27433.3700159917,33438.1649093,24
2024-06-22,28635.4819788958,36660.3525573,24
2024-06-23,29600.4437528666,37636.3579982999,24
2024-06-24,32017.807474425,38833.6423096,24
2024-06-25,31881.4509531583,37855.412999,24
2024-06-26,30213.1762678458,35932.16179,24
2024-06-27,29875.5791216458,35565.475784,24
2024-06-28,29497.4333157458,35027.9070709999,24
2024-06-29,27820.5385181208,34331.733168,24
2024-06-30,27967.4239710667,35275.7241,24
2024-07-01,31015.6422699375,39116.477144,24
2024-07-02,32905.4781811042,41594.22255,24
2024-07-03,34322.3697782541,42748.4381299999,24
2024-07-04,31522.9134675592,38370.7382085,24
2024-07-05,33396.0356982396,42278.5005283,24
2024-07-06,32342.869515575,40798.0526217999,24
2024-07-07,31334.8541349275,39421.3474624,24
2024-07-08,33453.2020820883,41395.281421,24
2024-07-09,33438.8547197708,41049.694574,24
2024-07-10,34631.4961191083,43550.5440319,24
2024-07-11,35320.2038841108,43727.00287,24
2024-07-12,33990.3203664975,40003.9298901,24
2024-07-13,30370.2717769833,35931.6352535,24
2024-07-14,28581.57312536,35397.98031,24
2024-07-15,30887.9028121112,37432.4731131,24
2024-07-16,30757.8010470558,36819.956138,24
2024-07-17,30443.1524178029,37265.0299249199,24
2024-07-18,32090.8144890625,39401.5833883999,24
2024-07-19,33387.3041236208,41558.5523161,24
2024-07-20,31792.0625340042,39207.825354,24
2024-07-21,29888.0114259792,36791.7797299999,24
2024-07-22,34119.116615,43128.931949,24
2024-07-23,36216.8110663583,44607.2395075999,24
2024-07-24,36690.0447037642,44731.0394641,24
2024-07-25,36499.2659730821,44813.0905249,24
2024-07-26,33956.9491685271,40111.10391545,24
2024-07-27,28108.398287219,32342.392894,24
2024-07-28,26483.8575213416,32377.134506,24
2024-07-29,29184.3798950062,35449.19015745,24
2024-07-30,29986.8060115291,36221.3442602,24
2024-07-31,31119.5964106041,38428.4548486,24
2024-08-01,32039.2780205533,39259.9847114,24
2024-08-02,33352.4157364083,40878.1206019999,24
2024-08-03,31897.0939342417,39929.3745614,24
2024-08-04,30489.038946765,39236.2427628999,24
2024-08-05,33948.1991897958,42331.482087,24
2024-08-06,34500.5356393458,43182.219836,24
2024-08-07,34164.3146371958,40736.1551847999,24
2024-08-08,32180.595058075,39246.9234,24
2024-08-09,32316.0423882375,39702.7855262999,24
2024-08-10,30467.0964649463,38271.229754,24
2024-08-11,30233.4408214417,36714.412817,24
2024-08-12,32639.0400260833,39471.19016,24
2024-08-13,31905.8280041667,38775.637052,24
2024-08-14,31853.1854965667,39106.159084,24
2024-08-15,32262.0234436625,39720.418459,24
2024-08-16,32110.1782923042,39337.20918,24
2024-08-17,28794.8121327821,33426.551737,24
2024-08-18,27441.9276511558,34197.622788,24
2024-08-19,31243.1244626666,39368.8701739999,24
2024-08-20,31568.1005569666,40161.950134,24
2024-08-21,31855.6292286583,39186.052193,24
2024-08-22,30361.8095590125,35696.319043,24
2024-08-23,28442.5624008625,31691.924746,24
2024-08-24,25929.0877856708,29358.930123,24
2024-08-25,25497.1215337712,31446.2654889999,24
2024-08-26,30043.9650998333,37925.863502,24
2024-08-27,31416.7388129583,39273.526039,24
2024-08-28,31040.4376473791,37792.161305,24
2024-08-29,29900.0086635812,35838.640935,24
2024-08-30,29446.4686858267,35185.7988409999,24
2024-08-31,28200.2932208954,35077.211753,24
2024-09-01,28046.5602848141,34656.5213309999,24
2024-09-02,29099.5533639625,36615.151592,24
2024-09-03,32871.0726476667,41993.971911,24
2024-09-04,35032.7099033351,44618.26887776,24
2024-09-05,36906.2485771208,47745.236608,24
2024-09-06,37552.2144568833,47120.49304,24
2024-09-07,34583.6334575,42640.717949,24
2024-09-08,34243.1611729166,43001.821979,24
2024-09-09,36497.3647431667,45278.77229,24
2024-09-10,32612.364595128,38303.3940469999,24
2024-09-11,28914.8986176708,32893.187139,24
2024-09-12,27931.6646542287,31692.660511,24
2024-09-13,27910.746337625,32335.470409,24
2024-09-14,26229.2136537608,30669.457405,24
2024-09-15,24543.9275848875,27683.077928,24
2024-09-16,25745.7817484333,29098.669594,24
2024-09-17,25712.4842552167,29464.0054878,24
2024-09-18,25898.904222675,28976.722971,24
2024-09-19,25940.7332574379,29429.245815,24
2024-09-20,25805.070601975,28672.929238,24
2024-09-21,24599.9017045417,28509.324472,24
2024-09-22,24981.7520864379,30715.3418529999,24
2024-09-23,28756.4436449,35924.305623,24
2024-09-24,29277.2390054104,35525.443478,24
2024-09-25,27622.6090649833,31811.640072,24
2024-09-26,26818.0747055375,31598.5025689999,24
2024-09-27,27355.9232663708,32874.547854,24
2024-09-28,25056.2091462333,29667.178197,24
2024-09-29,24047.7565700542,29500.758586,24
2024-09-30,27927.415496662,35057.628692,24
2024-10-01,30660.4144889125,39083.450573,24
2024-10-02,32042.7909570417,41289.56956,24
2024-10-03,31668.3929179291,39898.542002,24
2024-10-04,30986.6113162916,37755.264401,24
2024-10-05,29170.8546859583,36455.314345,24
2024-10-06,28928.3017157791,37397.495269,24
2024-10-07,31532.5951648083,39990.600725,24
2024-10-08,30238.7926589533,36605.6081834,24
2024-10-09,28529.6896257,33298.393192,24
2024-10-10,27810.9917191292,32233.2530521,24
2024-10-11,27025.4087972667,31208.1225787,24
2024-10-12,24501.6230603167,28076.012265,24
2024-10-13,23254.9647514167,27854.447679,24
2024-10-14,25827.4246171841,29885.73289,24
2024-10-15,26459.169972575,29933.943045,24
2024-10-16,26471.8675057917,29820.063964,24
2024-10-17,25670.568064265,28683.538107,24
2024-10-18,24349.7012504666,26750.2085959999,24
2024-10-19,22830.9723068117,25744.219463,24
2024-10-20,22393.2474454708,26457.9567239999,24
2024-10-21,24644.4441633667,28872.070965,24
2024-10-22,25127.7420367416,29281.071292,24
2024-10-23,25395.3828910817,29303.109842,24
2024-10-24,25019.1868644375,28480.999267,24
2024-10-25,24578.3999601833,27720.846008,24
2024-10-26,23417.8298927737,26675.868003,24
2024-10-27,23195.8091967917,26982.872763,24
2024-10-28,24841.349021625,27451.770442,24
2024-10-29,24312.1485347333,27065.472705,24
2024-10-30,24754.2410829583,28200.9182149999,24
2024-10-31,24515.1396234129,26790.41617,24
2024-11-01,24157.754210775,26611.269493,24
2024-11-02,22596.696280125,24683.4846219999,24
2024-11-03,21856.9950838404,25464.033782,25
2024-11-04,23909.9384248333,27234.119327,24
2024-11-05,24384.2023303333,27614.522623,24
2024-11-06,24162.1762746833,27236.677355,24
2024-11-07,24140.4402040321,27586.590576,24
2024-11-08,23956.7711838042,26973.5873919999,24
2024-11-09,22724.46344828,25734.530344,24
2024-11-10,21930.2222861875,25500.388408,24
2024-11-11,24619.592092,27679.432775,24
2024-11-12,24351.617002125,27639.2367529999,24
2024-11-13,24949.5644254583,27889.081776,24
2024-11-14,24466.2865372083,27890.534779,24
2024-11-15,24754.471368,27343.482334,24
2024-11-16,22959.4980730458,25509.919703,24
2024-11-17,22874.0458194166,25724.108468,24
2024-11-18,25124.969809625,28233.139014,24
2024-11-19,25618.3080967917,28433.713561,24
2024-11-20,25990.139179375,28434.0604419999,24
2024-11-21,25554.9025262083,27974.2206759999,24
2024-11-22,25621.586722625,28358.4307669999,24
2024-11-23,23275.872608875,25899.381797,24
2024-11-24,22563.7078156771,25827.209941,24
2024-11-25,25342.9675872916,28128.216726,24
2024-11-26,25371.3442039166,27715.667485,24
2024-11-27,24523.5823421666,26905.1434079999,24
2024-11-28,22634.304568,24312.648467,24
2024-11-29,23203.7228125,25741.5981169999,24
2024-11-30,23168.5096625417,25429.299791,24
2024-12-01,22834.5742951583,25593.977317,24
2024-12-02,24657.5899946666,28080.989655,24
2024-12-03,24954.0431445,27488.396426,24
2024-12-04,24933.2142821667,27710.767936,24
2024-12-05,25128.8926751667,27700.115309,24
2024-12-06,24950.8062800417,27330.534179,24
2024-12-07,23733.834186625,25973.634183,24
2024-12-08,23138.1146693333,25962.282629,24
2024-12-09,25541.1005624167,28243.393696,24
2024-12-10,25950.0749044583,28743.706791,24
2024-12-11,26333.002002625,28930.935449,24
2024-12-12,26870.4524126666,30231.2498859999,24
2024-12-13,26462.7176538333,30265.192365,24
2024-12-14,24332.1713105417,26614.602301,24
2024-12-15,23916.7600358333,27131.087118,24
2024-12-16,26763.8980478333,29489.502017,24
2024-12-17,26342.6797335417,28935.0380959999,24
2024-12-18,26413.7101075833,29096.123319,24
2024-12-19,25567.569766125,28289.741525,24
2024-12-20,25558.1595840833,28296.6819709999,24
2024-12-21,23834.1610829583,26011.701321,24
2024-12-22,22854.7455821666,25835.429031,24
2024-12-23,24354.3984295417,26977.097358,24
2024-12-24,23550.0913745417,26756.18233,24
2024-12-25,22337.6168304167,24821.67677,24
2024-12-26,24288.9071634583,26913.05732,24
2024-12-27,24257.794008125,27126.919196,24
2024-12-28,22974.8386555833,26067.779282,24
2024-12-29,22838.4000440417,25419.672391,24
2024-12-30,23811.1365337083,26764.963304,24
2024-12-31,23742.1890122917,27164.14804,24
2025-01-01,22574.9406523333,24870.967744,24
2025-01-02,24140.1787171667,27473.091131,24
2025-01-03,24641.971448125,27373.142624,24
2025-01-04,23242.3590454167,26109.3112459999,24
2025-01-05,22584.1446272917,25099.710522,24
2025-01-06,24408.4980383333,26883.053509,24
2025-01-07,24185.514236125,26807.390853,24
2025-01-08,23571.1740940708,25989.9919959999,24
2025-01-09,23800.2339142179,26751.942931,24
2025-01-10,23684.9543650417,25944.608881,24
2025-01-11,22529.122881625,24677.883089,24
2025-01-12,22001.4872827833,25078.768139,24
2025-01-13,24454.2246585083,27242.0304919999,24
2025-01-14,24955.4311942971,28564.907024,24
2025-01-15,24563.0742639542,28223.627999,24
2025-01-16,24595.70233,27593.288814,24
2025-01-17,24804.4727724533,28455.5365099999,24
2025-01-18,22636.9484719083,24938.554499,24
2025-01-19,22765.5980277287,25420.532794,24
2025-01-20,23943.76099205,26938.90771,24
2025-01-21,24886.7206556433,28005.00685,24
2025-01-22,24839.3617008179,27816.293894,24
2025-01-23,24307.6656416933,27005.497617,24
2025-01-24,24254.1903306041,27177.9778234,24
2025-01-25,22699.6293869167,26053.060779,24
2025-01-26,22805.8070857083,26294.3421929999,24
2025-01-27,24782.3646042121,27741.111204,24
2025-01-28,24898.7259540333,28340.253436,24
2025-01-29,24872.105620075,27583.5528692,24
2025-01-30,25387.3156279583,28253.654625,24
2025-01-31,25773.2959962083,29173.902359,24
2025-02-01,23089.7899384458,24958.3010789999,24
2025-02-02,22048.9229472712,25009.216754,24
2025-02-03,24119.8314903139,27306.163987,24
2025-02-04,25067.7507274642,27950.28993974,24
2025-02-05,24457.3314307525,27830.381643,24
2025-02-06,25688.0499275708,29126.533626,24
2025-02-07,24297.2098232292,27040.411834,24
2025-02-08,22295.1880195333,25127.701208,24
2025-02-09,21565.7945634304,24070.4654529999,24
2025-02-10,23914.6594993708,26996.427423,24
2025-02-11,25181.4130437146,28281.008778,24
2025-02-12,26114.1769225,28527.2678749999,24
2025-02-13,26015.69857075,28427.0008199999,24
2025-02-14,24061.3930116958,26477.5584859,24
2025-02-15,22032.7568994042,24844.325362,24
2025-02-16,21499.4665017,24201.487131,24
2025-02-17,22747.9554412625,26195.7157529999,24
2025-02-18,23175.5650129521,26182.48035,24
2025-02-19,23498.0783071417,26187.773146,24
2025-02-20,23140.8292855433,25688.6448519999,24
2025-02-21,22844.6769313958,25518.2472381999,24
2025-02-22,20946.7846248462,24050.070228,24
2025-02-23,20654.6337266983,24600.481783,24
2025-02-24,23039.9422336667,26219.56882,24
2025-02-25,22980.87280275,25637.3825779999,24
2025-02-26,22730.2287507416,26309.554178,24
2025-02-27,23188.7918146542,26317.5741649999,24
2025-02-28,22295.0398922292,24870.069105,24
2025-03-01,21065.1007520583,23730.957265,24
2025-03-02,21177.5800902092,24292.050071,24
2025-03-03,22936.2236115375,26183.626311,24
2025-03-04,23496.8056702125,26944.5607845,24
2025-03-05,24605.6015765833,27350.0062,24
2025-03-06,24285.6042462917,26587.314819,24
2025-03-07,22926.8700436,25396.560881,24
2025-03-08,20778.3645280833,23781.779869,24
2025-03-09,20270.0599483056,23803.0055179999,23
2025-03-10,22577.0190377083,26284.900518,24
2025-03-11,22935.3609734583,25773.373837,24
2025-03-12,24019.3520027083,26687.303257,24
2025-03-13,23943.8362398958,26516.654467,24
2025-03-14,25053.6069598333,28127.034768,24
2025-03-15,21478.8428606083,23691.599477,24
2025-03-16,20932.1032696792,23900.062882,24
2025-03-17,23369.58372775,26033.245097,24
2025-03-18,22439.5857435791,26353.2941169999,24
2025-03-19,22961.7115971417,26591.493461,24
2025-03-20,22438.0161617387,25718.022627,24
2025-03-21,22267.3876965833,25239.282725,24
2025-03-22,20530.5335604708,23264.737002,24
2025-03-23,19606.6087071104,23742.1656769999,24
2025-03-24,22463.8069624371,26723.836236,24
2025-03-25,22913.3691622166,27028.595174,24
2025-03-26,23428.6761875,25780.567806,24
2025-03-27,22633.1901806208,24873.52812,24
2025-03-28,22702.1828763375,24524.9847329999,24
2025-03-29,20334.4541950208,23206.272373,24
2025-03-30,21037.8289539167,23542.510629,24
2025-03-31,23522.4019459041,26523.96675,24
2025-04-01,23657.504441075,26384.714342,24
2025-04-02,22998.1613263583,25510.394357,24
2025-04-03,22692.0453121292,25524.177809,24
2025-04-04,22780.5841692625,25138.517034,24
2025-04-05,20695.8692879417,23627.677315,24
2025-04-06,20481.8368490042,24154.371312,24
2025-04-07,22938.3460829292,26116.0553129999,24
2025-04-08,23014.2146695,26346.070964,24
2025-04-09,23769.6721540125,27574.5706159999,24
2025-04-10,23753.6963849833,27799.01153,24
2025-04-11,24521.1565104458,27557.751903,24
2025-04-12,21988.9984288125,25013.333977,24
2025-04-13,21098.647799575,25428.253436,24
2025-04-14,23484.3979479454,26421.556736,24
2025-04-15,24155.1976214796,27244.2819097,24
2025-04-16,24218.1633532875,27334.5933533,24
2025-04-17,24382.9255582458,28444.28741,24
2025-04-18,23523.07896625,26637.2848328,24
2025-04-19,21044.3592318166,23856.928724,24
2025-04-20,20129.06342495,23752.643717,24
2025-04-21,23067.4084764417,27041.530564,24
2025-04-22,23166.0928611667,26974.422056,24
2025-04-23,23721.2590638625,26542.107019,24
2025-04-24,23694.2900239917,26125.492154,24
2025-04-25,24184.5414070167,27251.150735,24
2025-04-26,22292.5146740271,24172.0428259999,24
2025-04-27,21731.3248073071,24130.2064469999,24
2025-04-28,22866.1360728333,25812.60285,24
2025-04-29,23380.302566055,26700.85776,24
2025-04-30,23810.093607125,27302.432181,24
2025-05-01,23961.79245485,26978.7221069999,24
2025-05-02,24061.5463148333,26913.308416,24
2025-05-03,22463.3791371554,24141.16264,24
2025-05-04,21167.2425303292,24453.272441,24
2025-05-05,23933.3520691225,27180.247441,24
2025-05-06,24246.2216254133,27129.535795,24
2025-05-07,23945.4670302083,27323.399478,24
2025-05-08,24752.6807779916,29101.807002,24
2025-05-09,26983.56149741,32308.9054148,24
2025-05-10,26553.4759763108,32753.803676,24
2025-05-11,23854.6325281083,28220.4381389999,24
2025-05-12,24561.5965785125,27229.287643,24
2025-05-13,23934.5145782867,26594.232479,24
2025-05-14,23883.6588924854,27130.148577,24
2025-05-15,24443.7616615416,28013.459788,24
2025-05-16,24842.2421614292,27618.179396,24
2025-05-17,22612.1026751458,24700.885157,24
2025-05-18,21433.4757521667,25511.311517,24
2025-05-19,25133.5392875792,29657.373019,24
2025-05-20,26834.41479585,31159.829781,24
2025-05-21,27369.3651568666,32020.969627,24
2025-05-22,26802.2008716625,30135.236866,24
2025-05-23,25292.3480393042,28156.240863,24
2025-05-24,22961.7665417542,26112.944624,24
2025-05-25,21954.5321017125,25509.183161,24
2025-05-26,22821.3175545,27210.970253,24
2025-05-27,24891.1819737917,29669.648661,24
2025-05-28,25785.6825279237,28806.718261,24
2025-05-29,26431.0235415375,30791.643364,24
2025-05-30,29373.7950891708,36265.244349,24
2025-05-31,28868.104318349,34292.231678,24
2025-06-01,26060.5531486583,29975.190741,24
2025-06-02,26947.8991670212,31074.375843,24
2025-06-03,26923.5132795458,29590.307998,24
2025-06-04,27371.3586236225,30555.42462,24
2025-06-05,27345.0216814046,31042.9832869,24
2025-06-06,27140.4936851625,30195.699257,24
2025-06-07,25514.8422899321,28762.427621,24
2025-06-08,24650.0875551083,29141.856359,24
2025-06-09,27464.8838465958,31987.532697,24
2025-06-10,27936.1431580216,32293.239135,24
2025-06-11,27451.5876951458,31197.894724,24
2025-06-12,27067.0575066,30351.057053,24
2025-06-13,26757.8479724333,30080.049917,24
2025-06-14,25310.9961476208,30034.984239,24
2025-06-15,25549.8216974166,32325.024842,24
2025-06-16,28575.4335226562,34718.587558,24
2025-06-17,29363.1745079333,34996.3233861,24
2025-06-18,30125.93451005,36284.0749608,24
2025-06-19,27943.5651651037,31760.85520859,24
2025-06-20,26136.911100175,29410.5335106,24
2025-06-21,23503.0553012208,26262.689822,24
2025-06-22,23212.1844588812,27846.754592,24
2025-06-23,26394.6253407875,30126.348201,24
2025-06-24,26573.4734363454,29671.0542709999,24
2025-06-25,27589.1051485708,32134.657636,24
2025-06-26,28235.939326173,32827.309312,24
2025-06-27,29049.0505347204,34544.88997,24
2025-06-28,28286.3417699791,34507.777813,24
2025-06-29,27536.3086341446,34113.345772,24
2025-06-30,29573.2223789937,36053.129091,24
2025-07-01,29132.4692850792,35611.2482005,24
2025-07-02,28951.78053555,34132.689633,24
2025-07-03,28504.895912025,32680.570806,24
2025-07-04,26144.6428934125,29664.177614,24
2025-07-05,25955.3016933004,31005.7193989999,24
2025-07-06,26000.2666683,32178.6436445,24
2025-07-07,28800.3422820916,34409.1286779999,24
2025-07-08,29622.1589030758,35374.121191,24
2025-07-09,30460.0856220508,36981.17006,24
2025-07-10,31819.3933967612,39655.3778089,24
2025-07-11,31582.2011473167,37923.1019016,24
2025-07-12,29106.9476710083,34507.3370636,24
2025-07-13,27980.5431602696,34180.4670982999,24
2025-07-14,30707.7055843625,36759.4420954999,24
2025-07-15,30093.267582025,34555.3509537,24
2025-07-16,29091.2124888112,33495.5205432,24
2025-07-17,29453.90468515,33828.238621,24
2025-07-18,29505.8984151375,33056.081768,24
2025-07-19,27873.3513362166,31792.945365,24
2025-07-20,26628.3313283049,31085.09229,24
2025-07-21,28153.6973742392,31459.3428944999,24
2025-07-22,28123.23159655,30891.845513,24
2025-07-23,28333.9423162454,32178.729337,24
2025-07-24,28489.5588418837,32314.807635,24
2025-07-25,27660.6225290958,30679.9576675,24
2025-07-26,25489.5078673875,28395.5643749999,24
2025-07-27,25040.5400741458,29686.167531,24
2025-07-28,28422.6828070417,33790.348383,24
2025-07-29,29564.090721725,34808.281928,24
2025-07-30,29706.8018554167,34974.083669,24
2025-07-31,29667.4799388675,35272.3770309999,24
2025-08-01,29646.1472119541,34689.0949589999,24
2025-08-02,27999.5449903458,33167.659465,24
2025-08-03,26974.5344428333,32854.7005694,24
2025-08-04,29419.0150517075,34871.559984,24
2025-08-05,29843.540303925,35669.2951562,24
2025-08-06,32145.4452841333,39908.5877135,24
2025-08-07,33670.6420129625,41290.9583149999,24
2025-08-08,33519.5858298666,40675.645052,24
2025-08-09,31015.2730117917,37600.131459,24
2025-08-10,29903.1223407779,37097.47775947,24
2025-08-11,32225.6422320542,38935.005355,24
2025-08-12,31781.258443775,37862.037003,24
2025-08-13,31196.5269534917,36507.2320832,24
2025-08-14,30675.9548935375,35404.255924,24
2025-08-15,30021.0790608511,34754.963512,24
2025-08-16,27828.2528561458,31894.438529,24
2025-08-17,26811.8899976875,32104.714138,24
2025-08-18,29125.3705576296,35344.110938,24
2025-08-19,30863.7806284125,37779.9910479999,24
2025-08-20,32784.276958,40942.0469680999,24
2025-08-21,35010.8680956792,43922.8206619,24
2025-08-22,35316.9554268542,43264.1992868,24
2025-08-23,32354.225624375,38226.8579968,24
2025-08-24,31578.2323374162,38917.70626619,24
2025-08-25,33501.1325804458,40188.464364,24
2025-08-26,32600.2034274,38779.712557,24
2025-08-27,32589.3992169177,38963.515025,24
2025-08-28,31285.882609875,35866.2833879999,24
2025-08-29,32045.4888709667,38419.245507,24
2025-08-30,31107.8398937708,39010.15986,24
2025-08-31,31305.3113309958,39634.264958,24
2025-09-01,32582.867976025,41556.627575,24
2025-09-02,34507.14732805,42416.44216,24
2025-09-03,34712.5798677346,42244.0815575,24
2025-09-04,33499.0682642583,39610.335405,24
2025-09-05,31438.1372920208,36941.3680399,24
2025-09-06,29219.1620054917,34608.351528,24
2025-09-07,28859.827130185,35426.941281,24
2025-09-08,30933.7464783125,36663.1684486999,24
2025-09-09,29790.7489587958,33467.436813,24
2025-09-10,29170.1742460333,32063.0263827,24
2025-09-11,28349.0143164725,31534.30704,24
2025-09-12,28275.5012288958,31553.398849,24
2025-09-13,26625.0250346417,29829.257363,24
2025-09-14,26182.8130096667,31466.874357,24
2025-09-15,30499.9217506458,38089.363999,24
2025-09-16,32763.2077033292,41121.012304,24
2025-09-17,33051.7094073333,39526.419152,24
2025-09-18,30967.2029609583,34897.196248,24
2025-09-19,30037.16578675,35106.541409,24
2025-09-20,28310.788576,33473.383475,24
2025-09-21,26815.521983,31100.280874,24
2025-09-22,30210.3680705,36842.135564,24
2025-09-23,32314.8538564583,39599.240212,24
2025-09-24,31531.4495816667,36241.8154939999,24
2025-09-25,29245.45101645,33020.379125,24
2025-09-26,28342.4771263333,31919.074738,24
2025-09-27,26235.3048988333,29036.524547,24
2025-09-28,25487.3127076375,28607.540522,24
2025-09-29,27874.4407204583,31205.7300589999,24
2025-09-30,27780.4659847929,31123.357283,24
2025-10-01,27951.9487426875,31473.6795199999,24
2025-10-02,27663.541305125,30583.125495,24
2025-10-03,26710.4874330604,30090.5417047,24
2025-10-04,23538.2227300367,26821.140209,24
2025-10-05,23627.5456921208,28036.077964,24
2025-10-06,26174.3967989337,30611.035886,24
2025-10-07,26606.2427818821,30808.780776,24
2025-10-08,26421.9513573958,30737.016304,24
2025-10-09,25959.5483802083,29268.893388,24
2025-10-10,26137.7588882083,29738.982288,24
2025-10-11,23976.6998413667,26711.594039,24
2025-10-12,22841.2597485583,26134.0359079999,24
2025-10-13,24825.3973779333,28050.921366,24
2025-10-14,24863.9099189783,28682.128769,24
2025-10-15,24227.839855425,27256.5499307,24
2025-10-16,24252.9806289167,27128.651249,24
2025-10-17,24268.847738625,27142.009616,24
2025-10-18,23415.7576933333,26200.202234,24
2025-10-19,23128.513179,26727.720451,24
2025-10-20,25307.643851625,29011.419024,24
2025-10-21,25415.456791,28413.906294,24
2025-10-22,25474.5365259041,30124.058393,24
2025-10-23,24932.2405463875,28540.607298,24
2025-10-24,24872.5290847092,28027.829169,24
2025-10-25,23691.3319326792,27171.8740451,24
2025-10-26,22748.7192993258,25316.765106,24
2025-10-27,24859.555063875,30006.910815,24
2025-10-28,25432.2426911296,28675.082229,24
2025-10-29,26139.028899875,30349.8274899999,24
2025-10-30,25824.2910114416,29480.095492,24
2025-10-31,24972.3025019166,28261.257454,24
2025-11-01,22977.4654620083,25920.9343939999,24
2025-11-02,22624.920939364,26132.320184,25
2025-11-03,24518.4713016708,28030.780086,24
2025-11-04,24866.578643625,28233.476499,24
2025-11-05,25085.59055225,28588.381401,24
2025-11-06,25123.3633924125,29548.655797,24
2025-11-07,25212.6700660833,29214.248709,24
2025-11-08,23614.4897202233,26383.0796219999,24
2025-11-09,23265.1859600128,26941.711422,24
2025-11-10,25770.46404275,29609.903648,24
2025-11-11,25313.1624265417,28534.962966,24
2025-11-12,25323.4152087083,29033.526689,24
2025-11-13,25195.323254875,30023.096051,24
2025-11-14,24430.4877118333,26927.180172,24
2025-11-15,22789.6531706666,24664.765933,24
2025-11-16,22386.3666874583,25336.388411,24
2025-11-17,24354.6594551667,27020.841322,24
2025-11-18,23846.5898449,26634.079526,24
2025-11-19,24369.5481082708,26931.375103,24
2025-11-20,25518.9887026667,29637.4709239999,24
2025-11-21,23820.305556375,26515.919006,24
2025-11-22,22450.4584997083,24815.140686,24
2025-11-23,21892.5526543521,24878.473745,24
2025-11-24,24395.6244689583,27119.040773,24
2025-11-25,24914.0124358333,27479.968815,24
2025-11-26,25187.6966084583,28116.320556,24
2025-11-27,23083.70363625,26978.433424,24
2025-11-28,23614.649222875,26599.202232,24
2025-11-29,23271.0738030416,26124.7746989999,24
2025-11-30,23440.7950810417,26707.4656709999,24
2025-12-01,25582.116584,28914.0792029999,24
2025-12-02,25508.184473375,28394.047321,24
2025-12-03,25875.9501129416,28875.8428739999,24
2025-12-04,25886.720572625,28746.731495,24
2025-12-05,25726.24804225,28775.091323,24
2025-12-06,24510.495798,27121.935508,24
2025-12-07,24000.7599502917,26508.248879,24
2025-12-08,26381.70654825,30191.532942,24
2025-12-09,26817.0761127083,31089.238335,24
2025-12-10,26781.60350325,31205.215078,24
2025-12-11,26658.8564729167,30850.634319,24
2025-12-12,26215.981563875,29912.5506509999,24
2025-12-13,24799.6358134583,28429.576468,24
2025-12-14,24576.394212875,27881.073355,24
2025-12-15,26731.26182,30736.455723,24
2025-12-16,26500.5060281666,30421.154743,24
2025-12-17,26066.9469122917,30019.767018,24
2025-12-18,25391.4869754583,28393.463156,24
2025-12-19,25503.0190835833,29425.343684,24
2025-12-20,23938.9129446667,27873.703966,24
2025-12-21,23225.598962875,26042.593559,24
2025-12-22,24865.6108340833,28286.3118169999,24
2025-12-23,25001.9608618333,27770.002791,24
2025-12-24,23634.1395230833,25612.85895,24
2025-12-25,21915.974102125,24057.289909,24
2025-12-26,22779.0223620417,25891.2811549999,24
2025-12-27,22637.2974299458,25107.243283,24
2025-12-28,22934.6122479583,25235.5230849999,24
2025-12-29,24314.6395467083,26903.824701,24
2025-12-30,24763.8979755833,27807.398221,24
2025-12-31,23970.5697020417,26714.956603,24
2026-01-01,22173.1547607917,24667.095423,24
2026-01-02,23236.231045625,26644.91386,24
2026-01-03,22524.5477643333,25164.853855,24
2026-01-04,23754.9552459583,26875.325821,24
2026-01-05,25044.0426181667,28670.501599,24
2026-01-06,24808.2658860417,28495.0807179999,24
2026-01-07,24620.813728375,27150.387359,24
2026-01-08,25344.931501,28048.866474,24
2026-01-09,25908.9318937083,28526.152347,24
2026-01-10,24075.583607875,26438.589921,24
2026-01-11,23384.9008720833,25358.6795599999,24
2026-01-12,25186.8425111667,28365.84171,24
2026-01-13,25031.4330724583,28350.680884,24
2026-01-14,25068.2047428333,28590.239125,24
2026-01-15,25336.271117375,28883.888075,24
2026-01-16,24903.9119626667,28470.737662,24
2026-01-17,23287.7761656666,26683.312851,24
2026-01-18,22639.5400205,25148.545163,24
2026-01-19,24207.505159875,26955.3398529999,24
2026-01-20,25516.7716870833,28746.358467,24
2026-01-21,25330.4822076666,28426.565631,24
2026-01-22,25290.5943918333,29846.910601,24
2026-01-23,24719.0573674583,27445.614768,24
2026-01-24,23471.401920425,26734.799999,24
2026-01-25,24010.0787253083,27232.45335,24
2026-01-26,25054.6808086958,28615.270481,24
2026-01-27,25391.6220001625,27964.6908988,24
2026-01-28,25153.8369945,27724.802577,24
2026-01-29,25135.9294509167,28215.051582,24
2026-01-30,24825.9717858333,28515.69728,24
2026-01-31,23067.90160875,25357.218348,24
